故宫博物院	东城区	1-皇家园林与历史古迹	收费,需预约,热门,亲子,文化,需提前多日,困难	小程序	“故宫博物院”微信小程序	微信搜索“故宫博物院”小程序→门票预约（或访问故宫官网“在线订票”）；武英殿陶瓷馆及各特展、临展须单独预约	https://www.dpm.org.cn/subject_booking/index.html	周一闭馆（法定节假日除外）；旺季4/1-10/31 8:30-17:00（16:00停止入馆），淡季11/1-次年3/31 8:30-16:30	不售当日票；大门票及珍宝馆、钟表馆门票于参观前7日20:00开售，限参观当日有效；全体观众实名预约，中国内地观众仅可使用身份证；同一证件每个参观日仅能预约1张；未使用门票须于参观前一日24:00前退票，逾期退票计1次爽约，180日内爽约3次则60日内无法预约；官方声明未授权任何第三方机构或个人代理门票	旺季大门票60元、淡季40元；珍宝馆、钟表馆各10元；未满18周岁中国公民免费，本科及以下学生20元，60岁以上半价	困难	官方明确提示：请务必通过“故宫博物院”小程序预约，未授权任何第三方代理门票及展览预约	已确认	高	https://www.dpm.org.cn/subject_booking/index.html
天安门城楼	东城区	1-皇家园林与历史古迹	收费,需预约,热门,文化,需提前多日,困难	小程序	天安门城楼参观预约（微信小程序，名称待官方核实）	微信搜索天安门城楼参观预约相关官方小程序→实名预约→按预约时段经指定安检口登楼	https://tamgw.beijing.gov.cn/	随季节与重大活动调整，需核实	登城楼须实名预约并接受严格安检，禁止携带包袋等物品；天安门地区实行南向北单向通行；节假日及重大活动期间可能临时封闭，请以天安门地区管理委员会公告为准	需核实	困难	登楼预约小程序名称与票价未能从官方页面直接确认，已标注“需核实”；广场可提供存包服务	需核实	中	https://tamgw.beijing.gov.cn/
八达岭长城	延庆区	1-皇家园林与历史古迹	收费,需预约,热门,亲子,文化,需提前多日,一般	小程序	“京通”小程序景区购票 / 八达岭长城官方渠道	微信“京通”小程序→首页“景区购票”→搜索八达岭长城→立即购票；或使用八达岭长城景区官方公众号与官网	https://www.beijing.gov.cn/ywdt/yaowen/202607/t20260714_4762602.html	旺季约6:30-16:30，淡季约7:30-16:00，随季节调整	北京市景区购票服务平台已整合八达岭长城等74家市属5A、4A级景区官方购票渠道，采用“统一入口+跳转景区”模式，一次填写个人信息即可多次多景点购票；购票日期可选即日起7天；节假日实行临时管控与限流	旺季约40元、淡季约35元（以官方平台当日公示为准）	一般	2025年12月起“京通”微信小程序上线景区购票；2026年7月京通APP同步提供一站式购票；现场可能因限流启动临时管控	已确认	高	https://www.beijing.gov.cn/ywdt/yaowen/202607/t20260714_4762602.html https://www.beijing.gov.cn/fuwu/bmfw/sy/jrts/202512/t20251202_4315958.html
慕田峪长城	怀柔区	1-皇家园林与历史古迹	收费,需预约,热门,亲子,拍照,一般	小程序	慕田峪长城官方微信公众号 / 京通小程序	微信搜索“慕田峪长城”官方公众号→在线预订；或“京通”小程序→景区购票	https://www.beijing.gov.cn/ywdt/yaowen/202607/t20260714_4762602.html	旺季约7:30-18:00，淡季约8:00-17:30	需实名购票，建议提前1-7天线上预订；缆车、索道、滑道为另有收费项目，需单独购票	大门票约45元（不含缆车/索道）	一般	价格与预约入口请以景区官方公众号当季公示为准；外部平台报价可能不含缆车项目	需核实	中	https://www.beijing.gov.cn/ywdt/yaowen/202607/t20260714_4762602.html
明十三陵	昌平区	1-皇家园林与历史古迹	收费,需预约,文化,一般	小程序	明十三陵官方预约渠道 / 京通小程序	微信“京通”小程序→景区购票→明十三陵；或通过明十三陵官方公众号预约	https://www.beijing.gov.cn/ywdt/yaowen/202607/t20260714_4762602.html	各陵开放时间不同，一般约8:00-17:00	定陵、长陵、昭陵等分陵售票，联票与单陵票分设；需实名预约，节假日限流	单陵约45元，联票约130元区间	一般	各陵票价与预约入口以官方平台当日公示为准	需核实	中	https://www.beijing.gov.cn/ywdt/yaowen/202607/t20260714_4762602.html
圆明园遗址公园	海淀区	1-皇家园林与历史古迹	收费,需预约,热门,亲子,文化,容易	公众号	“圆明园遗址公园”微信公众号	微信搜索“圆明园遗址公园”公众号→门票预约→选择日期与票种；大门票与西洋楼遗址区、全景模型展联票分设	https://www.beijing.gov.cn/	约7:00-19:00（随季节调整），遗址区开放时间另计	需实名预约；预约系统独立于“畅游公园”市属公园统一平台，须通过其官方公众号预约；大水法、西洋楼遗址区包含在联票内	大门票10元，联票25元	容易	价格与开放时间以官方公众号公示为准；遗址区面积大，建议预留2-3小时	已确认	中	https://www.beijing.gov.cn/
周口店北京人遗址	房山区	1-皇家园林与历史古迹	收费,需预约,文化,小众,容易	公众号	周口店北京人遗址博物馆官方微信公众号	微信搜索官方公众号→参观预约→选择参观日期	https://www.beijing.gov.cn/	约9:00-16:30，周一闭馆	需实名预约；门票含遗址公园与博物馆区域；寒暑假研学团队较多	约30元	容易	位于房山区，距市区较远，建议提前预约并核对开闭馆日；开放时间以官方公示为准	已确认	中	https://www.beijing.gov.cn/
卢沟桥·宛平城	丰台区	1-皇家园林与历史古迹	收费,需预约,文化,小众,容易	公众号	中国人民抗日战争纪念馆 / 卢沟桥景区官方渠道	微信搜索官方公众号→参观预约（纪念馆）；卢沟桥景区单独售票	https://www.beijing.gov.cn/	纪念馆约9:00-16:30，周一闭馆；卢沟桥景区白天开放	纪念馆免费但需预约；卢沟桥景区单独收费；二者分属不同管理方，须分别预约与购票	卢沟桥约20元，抗战纪念馆免费	容易	预约入口未能从官方页面直接核对，已标注“需核实”；宛平城内纪念馆与卢沟桥需分别安排	需核实	低	https://www.beijing.gov.cn/
中国国家博物馆	东城区	2-博物馆与展览馆	免费,需预约,热门,亲子,文化,需提前多日,困难	官网+小程序+公众号	“国家博物馆”微信小程序 / 微信公众号 / 官网	微信搜索“国家博物馆”小程序→参观预约；或国博官网→参观预约；每日17:00放票	https://www.chnmuseum.cn/cg/cgyy/202511/t20251109_277547.shtml	每日9:00-17:00（16:00停止入馆），周一闭馆（法定节假日除外）；6/1-10/31高峰期延至17:30（16:30停止入馆）	提前7日内预约；账号每周最多预约1次、每次最多5人；同一证件号每月最多4次、每天1次；预约后退票仍计入次数；每证件累计3次未履约将被限制预约30日；每日17:00放票，退票截止参观当日15:00；凭本人预约证件原件从北门入馆	免费（需预约）	困难	国家顶级综合馆，放票后迅速约满；60岁以上老人及残障、军人等可走北门绿色通道；预约须知自2025年8月1日起实施	已确认	高	https://www.chnmuseum.cn/cg/cgyy/202511/t20251109_277547.shtml
首都博物馆	西城区	2-博物馆与展览馆	免费,免预约,文化,亲子,容易	无需预约	现场登记入馆	无需预约：携带个人有效身份证件，按现场引导自北门有序登记入馆；地下一层东门为观众出口	https://www.capitalmuseum.org.cn/news/6f5b571224214a1fa2c5019cea051080	9:00-17:00，周一闭馆（法定节假日除外）	自2025年12月20日起实施免预约参观政策，已取消线上预约；凭有效身份证件现场登记入馆	免费	容易	政策已变动：2025年12月20日起取消预约制，改为现场登记入馆	已确认	高	https://www.capitalmuseum.org.cn/news/6f5b571224214a1fa2c5019cea051080
北京大运河博物馆（首博东馆）	通州区	2-博物馆与展览馆	免费,需预约,热门,亲子,文化,容易	公众号	北京大运河博物馆官方微信公众号	微信搜索官方公众号→参观预约→选择日期与时段	https://www.canalmuseum.org.cn/index.html	约10:00-20:00，周一闭馆（以官方公告为准）	需实名预约，节假日限流；与首都博物馆本馆预约政策不同，本馆已免预约而东馆仍需预约	免费（需预约）	容易	位于城市副中心，建议乘地铁前往；开放时间以官方公告为准	已确认	中	https://www.canalmuseum.org.cn/index.html
北京石刻艺术博物馆（五塔寺）	海淀区	2-博物馆与展览馆	收费,需预约,小众,文化,容易	公众号	北京石刻艺术博物馆官方微信公众号	微信搜索官方公众号→预约参观	https://wwj.beijing.gov.cn/	约9:00-17:00，周一闭馆	需预约，可持北京博物馆通票；金刚宝座塔为全国重点文物保护单位	约20元	容易	价格与开闭馆日以官方公示为准；秋季银杏为热门拍照季	已确认	中	https://wwj.beijing.gov.cn/
国家自然博物馆	东城区	2-博物馆与展览馆	免费,需预约,热门,亲子,需提前多日,一般	官网+公众号	国家自然博物馆官方网站 / 微信公众号	官网→参观→参观信息→预约；或关注微信公众号扫码预约	https://www.nnhm.org.cn/cgzx/cgxx/index.shtml	9:00-17:00（16:30停止入馆），周一例行闭馆（国家法定节假日除外）	实行限量、预约、错峰；分9:00-11:00、11:00-14:00、14:00-16:00三个入馆时段；个人提前3日预约、每日11:00更新，团体提前4日、每日10:00更新；不接受现场预约；实名制，每人每日限1次；老年人、儿童也须提前预约；当月累计3次爽约则90日内无法预约	免费（需预约）	一般	亲子热门馆，需提前3天抢名额；12周岁以下未成年人无法单独预约；首次预约需手机号注册	已确认	高	https://www.nnhm.org.cn/cgzx/cgxx/index.shtml
中国地质博物馆	西城区	2-博物馆与展览馆	收费,需预约,亲子,文化,小众,容易	公众号	中国地质博物馆微信公众号	微信公众号实名登录→进入预约系统→跳转官方购票小程序；预约通道分普通成人票与优惠票	https://www.gmc.org.cn/tour.html	9:00-18:00（17:30停止入场）；周一闭馆（节假日、寒暑假除外）	线上预约与线下购票验证相结合；每日线上预约3500人、线下购票500人，观众总量不超过4000人；优惠人群也需通过购票或现场换票入馆；入馆核验预约信息或二代身份证等有效证件	普通成人票15元；未成年人、学生、教师、60岁以上老人、军人等0元优惠票	容易	馆内空间有限，日限额4000人；地铁4号线西四站D口可达；咨询电话010-66557858	已确认	高	https://www.gmc.org.cn/tour.html
中国古动物馆	西城区	2-博物馆与展览馆	收费,需预约,亲子,小众,容易	公众号	“中国古动物馆”微信公众号	关注“中国古动物馆”微信公众号→在公众号内预约购买门票	https://www.paleozoo.cn/page56	约9:00-16:30，周一闭馆（以官方公告为准）	须在官方公众号内预约购票；6岁及以上未成年人需提前预约；3D电影票另购，播放时间为公休日、法定节假日及寒暑假	成人20元；学生及60岁以上老人优惠票10元；未成年人、现役军人、残疾人等免门票	容易	隶属中国科学院古脊椎动物与古人类研究所，以恐龙化石展品知名；咨询电话010-88369210	已确认	高	https://www.paleozoo.cn/page56
中国现代文学馆	朝阳区	2-博物馆与展览馆	免费,需预约,文化,小众,容易	公众号	中国现代文学馆官方微信公众号	微信搜索官方公众号→参观预约	https://www.wxg.org.cn/	约9:00-16:30，周一闭馆	需实名预约，免费参观；常有文学主题特展与作家手稿展	免费（需预约）	容易	位于朝阳区芍药居；预约路径以官方公众号为准	已确认	中	https://www.wxg.org.cn/
国家动物博物馆	朝阳区	2-博物馆与展览馆	收费,需预约,亲子,小众,容易	公众号	国家动物博物馆官方微信公众号	微信搜索官方公众号→预约购票	https://www.visitbeijing.com.cn/	约9:00-16:00，周一闭馆	需预约购票，节假日限流；依托中国科学院动物研究所标本馆	约40元（以官方公示为准）	容易	票价与开闭馆日以官方公众号公示为准	已确认	中	https://www.visitbeijing.com.cn/
中国航空博物馆	昌平区	2-博物馆与展览馆	免费,需预约,亲子,小众,一般	公众号	中国航空博物馆官方预约渠道	微信搜索官方公众号或小程序→实名预约	https://www.beijing.gov.cn/	约9:00-16:00，周一闭馆	免费但需实名预约；室外展区面积大，洞库展厅与露天展区需分别安排游览时间	免费（需预约）	一般	场馆规模大、室外展区多，建议预留半天；预约入口未能从官方页面直接核对，已标注“需核实”	需核实	低	https://www.beijing.gov.cn/
中国铁道博物馆	朝阳区	2-博物馆与展览馆	收费,需预约,亲子,小众,容易	公众号	中国铁道博物馆官方微信公众号	微信搜索官方公众号→预约参观；正阳门馆、东郊馆、詹天佑纪念馆分别预约	https://www.visitbeijing.com.cn/	约9:00-17:00，周一闭馆	一馆多址，各分馆需分别预约，票价不同；东郊馆（环形铁道）以机车车辆实物为主	正阳门馆、东郊馆各约20元区间	容易	分馆预约与票价以官方公示为准；正阳门馆位于前门大街，可与前门街区同日程安排	已确认	中	https://www.visitbeijing.com.cn/
中国电影博物馆	朝阳区	2-博物馆与展览馆	免费,需预约,亲子,文化,小众,容易	公众号	中国电影博物馆官方微信公众号	微信搜索官方公众号→预约参观	https://www.visitbeijing.com.cn/	约9:00-16:30，周一闭馆	免费但需预约，凭预约信息与有效证件入馆；IMAX影厅放映电影需另外购票	免费（需预约）	容易	位于朝阳区南影路；开闭馆日与预约路径以官方公众号为准	已确认	中	https://www.visitbeijing.com.cn/
中国印刷博物馆	大兴区	2-博物馆与展览馆	免费,需预约,文化,小众,容易	公众号	中国印刷博物馆官方微信公众号	微信搜索官方公众号→预约参观	https://www.beijing.gov.cn/	约9:00-16:30，周一闭馆	免费但需预约；以印刷术发展史与印刷设备实物为特色	免费（需预约）	容易	位于大兴区；预约入口未能从官方页面直接核对，已标注“需核实”	需核实	低	https://www.beijing.gov.cn/
中国海关博物馆	东城区	2-博物馆与展览馆	免费,需预约,文化,小众,容易	官网	中国海关博物馆官网预约渠道	官网→门票预约 / 预约指南；官网预约页在部分网络环境访问受限，请用浏览器直接打开	https://www.beijing.gov.cn/	约9:00-16:30，周一闭馆	需预约，免费参观；以海关历史与查私实物展陈为主	免费（需预约）	容易	官网预约页访问受限（HTTP 412），预约详情请以官网预约指南或电话咨询为准	需核实	中	https://www.beijing.gov.cn/
中国园林博物馆	丰台区	2-博物馆与展览馆	免费,需预约,亲子,文化,小众,容易	公众号	中国园林博物馆官方微信公众号	微信搜索官方公众号→预约参观	https://www.visitbeijing.com.cn/	约9:00-17:00，周一闭馆	免费但需预约；室内展园与室外展区结合，适合亲子	免费（需预约）	容易	位于丰台区鹰山脚下；预约入口未能从官方页面直接核对，已标注“需核实”	需核实	低	https://www.visitbeijing.com.cn/
中国妇女儿童博物馆	东城区	2-博物馆与展览馆	免费,需预约,亲子,小众,容易	公众号	中国妇女儿童博物馆官方微信公众号	微信搜索官方公众号→参观预约	https://www.visitbeijing.com.cn/	约9:00-16:30，周一闭馆	免费但需预约；以妇女儿童主题历史与当代展陈为主	免费（需预约）	容易	位于东城区建国门内大街；预约入口未能从官方页面直接核对，已标注“需核实”	需核实	低	https://www.visitbeijing.com.cn/
中国科学技术馆	朝阳区	3-科技与艺术场馆	收费,需预约,热门,亲子,需提前多日,困难	官网+公众号	“中国科学技术馆”公众号 / “中国科学技术馆服务号” / 官网	微信搜索公众号→购票；或官网→预约购票；个人购票与团体购票为不同入口	https://www.cstm.org.cn/ykfw/yygp/index.html	主展厅9:30-17:00（中午不清场）；儿童科学乐园分上午场9:30-12:50、下午场13:40-17:00；特效影院按场次	实行网络实名售检票，参观须提前订票，最早可于参观7日前18:00开始预订；所有观众均需购票（含免费与优惠人群）并持本人有效证件入馆；参观当日不售团体票；官方声明未授权任何第三方平台、商家或个人出售门票	主展厅旺季30元、淡季20元；儿童科学乐园30元；特效影院30元；8周岁以下或1.3米以下儿童、60岁以上老人等免费	困难	亲子科普第一热门，周末与假期需抢票；旺季为国家法定节假日和暑期7/1-8/31；官方公众号：ptm_2014、cdstm2013	已确认	高	https://www.cstm.org.cn/ykfw/yygp/index.html
中国美术馆	东城区	3-科技与艺术场馆	免费,需预约,热门,文化,一般	官网+公众号+小程序	中国美术馆官网 / 微信服务号 / 微信小程序	官网→导览→在线预约→个人预约；或微信搜索中国美术馆服务号、小程序预约	https://www.namoc.cn/namoc/cgzn/202507/a737a2697fed43f9a68637767dc0c54e.shtml	9:00-17:00（16:00停止入馆），周一闭馆（国家法定节假日除外）	每日预约6000人，额满为止；提前7日预约，每日16:00开放；每人每天可预约1次、每账号最多5人；60岁以上老人、残障人士、现役及退役军人、消防救援人员凭优待证件免预约；6周岁以下儿童免预约；30天内累计爽约3次则30日内无法预约	免费（需预约）	一般	重大展览期间名额紧张；须在预约时段入馆，无法到馆请于参观当日16:00前取消	已确认	高	https://www.namoc.cn/namoc/cgzn/202507/a737a2697fed43f9a68637767dc0c54e.shtml
北京鲁迅博物馆	西城区	3-科技与艺术场馆	免费,需预约,文化,小众,容易	公众号+电话	北京鲁迅博物馆微信公众号（北大红楼馆区为电话预约）	关注北京鲁迅博物馆微信公众号→预约参观；北大红楼馆区改为电话预约	https://luxunmuseum.com.cn/fuwutai/yuyuecanguan/	约9:00-16:00，周一闭馆	鲁迅博物馆馆区通过微信公众号预约；北大红楼馆区预约电话010-52208928、010-52208929；馆区咨询电话010-50872677	免费（需预约）	容易	含北京新文化运动纪念馆（北大红楼）；两个馆区预约方式不同，注意区分	已确认	高	https://luxunmuseum.com.cn/fuwutai/yuyuecanguan/
北京天文馆	西城区	3-科技与艺术场馆	收费,需预约,热门,亲子,一般	公众号	“北京天文馆”微信公众号	微信搜索“北京天文馆”公众号→左下角“参观指南”→“天文馆购票”；分剧场票、展厅票、活动票	https://www.bjp.org.cn/cgzn/pwxx/index.html	约9:00-16:30，周一闭馆；暑期延长开放（以官方公告为准）	可购买3日内（含当日）展厅票、剧场票，每单限额6张；实名预约购票；优惠人群（含老人、幼儿）也须预约展厅票；购买剧场票者凭当日有效剧场票可免费参观展厅；团队30人以上需提前3天电话预约	展厅票与剧场票分设，票价以购票页公示为准；未成年人、60岁以上老人等凭有效证件免费参观展厅（需预约）	一般	东门入馆、北门离馆；无对外停车场，建议绿色出行；咨询电话010-68312517	已确认	高	https://www.bjp.org.cn/cgzn/pwxx/index.html
清华大学艺术博物馆	海淀区	3-科技与艺术场馆	收费,需预约,文化,热门,一般	官网+公众号	清华大学艺术博物馆官网 / 官方微信公众号	官网→参观服务→预约购票；或微信搜索官方公众号预约	https://mp.weixin.qq.com/s/um65dRI5EaPSbZxdA1KtHw	约9:00-17:00，周一闭馆	需实名预约；校外观众通常须同时满足入校与入馆预约要求，且入校政策随校园管理动态调整	常设展与特展票价不同，约20-60元区间	一般	校外观众入校政策可能随校园管理调整，出行前务必先核实入校与入馆预约要求	已确认	中	https://mp.weixin.qq.com/s/um65dRI5EaPSbZxdA1KtHw
中央美术学院美术馆	朝阳区	3-科技与艺术场馆	收费,需预约,文化,小众,容易	公众号	中央美术学院美术馆官方微信公众号	微信搜索官方公众号→预约购票	https://www.visitbeijing.com.cn/	约9:30-17:30，周一闭馆	需预约购票，特展票价不同；位于中央美术学院望京校区内	约20-60元区间	容易	位于朝阳区花家地南街；预约入口未能从官方页面直接核对，已标注“需核实”	需核实	低	https://www.visitbeijing.com.cn/
今日美术馆	朝阳区	3-科技与艺术场馆	收费,需预约,文化,拍照,小众,容易	公众号	今日美术馆官方微信公众号	微信搜索官方公众号→预约购票	https://www.visitbeijing.com.cn/	约10:00-18:00，周一闭馆	需预约购票，以当代艺术特展为主；不同展览票价分设	约60-100元区间	容易	位于朝阳区百子湾路；预约入口未能从官方页面直接核对，已标注“需核实”	需核实	低	https://www.visitbeijing.com.cn/
天坛公园	东城区	4-公园与自然景观	收费,免预约,热门,亲子,文化,容易	公众号+小程序	“畅游公园”公众号/小程序 / “京通”小程序 / “天坛”小程序	“京通”小程序→首页“景区购票”→天坛公园→立即购票；或“畅游公园”公众号→预约购票→市属公园；或微信搜索“天坛”小程序	https://www.beijing.gov.cn/fuwu/bmfw/sy/jrts/202512/t20251202_4315958.html	大门旺季6:00开园、21:00停止入园；核心景点8:00开放，旺季17:30停止进入、18:00闭园；周一为园中园闭馆日	政策已变动：2026年9月起非暑期（9月1日至次年6月30日）取消预约限制，可直接现场购票或线上提前购票；暑期（7月1日-8月31日）仍实行实名分时段预约，每日限流8万张、其中联票2万张；可提前1-7天购票；官方渠道为天坛小程序、畅游公园、京通小程序	大门票旺季15元、淡季10元；联票旺季34元、淡季28元（含祈年殿、回音壁、圜丘）；学生半价；60岁以上老人、18岁以下未成年人免大门票	容易	非暑期已取消预约；暑期联票常在开售30分钟内售罄，务必提前抢票	已确认	高	https://www.beijing.gov.cn/fuwu/bmfw/sy/jrts/202512/t20251202_4315958.html
颐和园	海淀区	4-公园与自然景观	收费,需预约,热门,亲子,文化,一般	公众号+小程序+官网	“畅游公园”公众号/小程序 / “京通”小程序 / 畅游公园官网	“京通”小程序→景区购票→颐和园；或“畅游公园”公众号→预约购票→市属公园→颐和园；官网 bjgyol.com.cn	https://japanese.beijing.gov.cn/quickguideservices/purchaseparktickets/index.html	旺季6:30-18:00，淡季7:00-17:00（随季节调整）	畅游公园平台可提前1-7天实名预约购票，支持现场综合服务窗口购票；旺季建议线上预约；外籍观众可使用护照或永久居留证信息购票	旺季大门票30元、淡季20元；联票旺季60元、淡季50元	一般	由“畅游公园”统一平台覆盖；如需中文以外语言界面，畅游公园官网可切换英文	已确认	高	https://japanese.beijing.gov.cn/quickguideservices/purchaseparktickets/index.html
北海公园	西城区	4-公园与自然景观	收费,需预约,热门,亲子,文化,容易	公众号+小程序	“畅游公园”公众号/小程序 / “京通”小程序	“京通”小程序→景区购票→北海公园；或“畅游公园”公众号→预约购票→市属公园→北海公园	https://japanese.beijing.gov.cn/quickguideservices/purchaseparktickets/index.html	旺季6:30-21:00，淡季6:30-20:00（随季节调整）	可提前1-7天实名预约购票，也可现场购票；旺季建议线上预约	旺季门票10元、淡季5元；联票旺季20元、淡季15元	容易	琼华岛白塔、九龙壁、静心斋为核心景点，联票更划算	已确认	高	https://japanese.beijing.gov.cn/quickguideservices/purchaseparktickets/index.html
景山公园	西城区	4-公园与自然景观	收费,需预约,热门,拍照,文化,容易	公众号+小程序	“畅游公园”公众号/小程序 / “京通”小程序	“京通”小程序→景区购票→景山公园；或“畅游公园”公众号→预约购票→市属公园→景山公园	https://japanese.beijing.gov.cn/quickguideservices/purchaseparktickets/index.html	旺季6:30-21:00，淡季6:30-20:00	可提前1-7天实名预约购票，也可现场购票	门票2元；牡丹节等花期活动期间票价可能调整	容易	万春亭为俯瞰故宫与中轴线的最佳机位，日落时段人流集中	已确认	高	https://japanese.beijing.gov.cn/quickguideservices/purchaseparktickets/index.html
中山公园	东城区	4-公园与自然景观	收费,需预约,文化,亲子,容易	公众号+小程序	“畅游公园”公众号/小程序 / “京通”小程序	“京通”小程序→景区购票→中山公园；或“畅游公园”公众号→预约购票→市属公园→中山公园	https://japanese.beijing.gov.cn/quickguideservices/purchaseparktickets/index.html	旺季6:00-21:00，淡季6:30-20:00	可提前1-7天实名预约购票，也可现场购票	门票3元；郁金香花期等特殊时段票价调整	容易	社稷坛、中山堂位于园内；紧邻天安门西侧，安检口排队时间可能较长	已确认	高	https://japanese.beijing.gov.cn/quickguideservices/purchaseparktickets/index.html
陶然亭公园	西城区	4-公园与自然景观	收费,需预约,亲子,小众,容易	公众号+小程序	“畅游公园”公众号/小程序	“畅游公园”公众号→预约购票→市属公园→陶然亭公园；或“京通”小程序→景区购票	https://japanese.beijing.gov.cn/quickguideservices/purchaseparktickets/index.html	旺季6:00-21:30，淡季6:00-21:00	可提前1-7天实名预约购票，也可现场购票；冬季冰雪活动期间另售活动票	门票2元；冰雪季等活动期间另计	容易	以陶然亭、慈悲庵等名胜著称；冬季冰雪嘉年华为亲子热门	已确认	中	https://japanese.beijing.gov.cn/quickguideservices/purchaseparktickets/index.html
紫竹院公园	海淀区	4-公园与自然景观	免费,免预约,亲子,小众,容易	无需预约	无需预约，免费入园	无需预约、免费入园；该公园不售票，直接进园即可	https://japanese.beijing.gov.cn/quickguideservices/purchaseparktickets/index.html	约6:00-21:00	北京市官方指南明确：紫竹院公园入园不需门票，也无需预约	免费	容易	免预约、免费开放；以竹景与划船著称	已确认	高	https://japanese.beijing.gov.cn/quickguideservices/purchaseparktickets/index.html
玉渊潭公园	海淀区	4-公园与自然景观	收费,需预约,热门,亲子,拍照,一般	公众号+小程序	“畅游公园”公众号/小程序 / “京通”小程序	“畅游公园”公众号→预约购票→市属公园→玉渊潭公园；或“京通”小程序→景区购票	https://japanese.beijing.gov.cn/quickguideservices/purchaseparktickets/index.html	约6:00-21:00	可提前1-7天实名预约购票；樱花季为全年高峰，实行预约限流	门票2元；樱花季文化活动期间票价调整为10元	一般	樱花季（3-4月）为全年最热门时段，务必提前预约；平时可现场购票	已确认	高	https://japanese.beijing.gov.cn/quickguideservices/purchaseparktickets/index.html
香山公园	海淀区	4-公园与自然景观	收费,需预约,热门,亲子,拍照,一般	公众号+小程序	“畅游公园”公众号/小程序 / “京通”小程序	“畅游公园”公众号→预约购票→市属公园→香山公园；或“京通”小程序→景区购票	https://japanese.beijing.gov.cn/quickguideservices/purchaseparktickets/index.html	旺季6:00-19:00，淡季6:00-18:00	可提前1-7天实名预约购票；红叶季实行强化限流与预约管理	旺季门票10元、淡季5元；碧云寺、双清别墅等景点另计	一般	红叶季（10月下旬-11月）人流极大，建议提前预约并按早班时段入园	已确认	高	https://japanese.beijing.gov.cn/quickguideservices/purchaseparktickets/index.html
北京动物园	西城区	4-公园与自然景观	收费,需预约,热门,亲子,一般	公众号+小程序	“畅游公园”公众号/小程序 / “京通”小程序	“畅游公园”公众号→预约购票→市属公园→北京动物园；或“京通”小程序→景区购票	https://japanese.beijing.gov.cn/quickguideservices/purchaseparktickets/index.html	旺季7:30-18:00，淡季7:30-17:00	可提前1-7天实名预约购票，也可现场购票；熊猫馆须购买联票	门票旺季15元、淡季10元；联票旺季19元、淡季14元（含熊猫馆）	一般	大熊猫馆须购联票；园内北京海洋馆门票需另行购买	已确认	高	https://japanese.beijing.gov.cn/quickguideservices/purchaseparktickets/index.html
国家植物园	海淀区	4-公园与自然景观	收费,需预约,亲子,拍照,文化,容易	公众号	国家植物园官方微信公众号	微信搜索国家植物园官方公众号→购票→选择南园/北园	https://japanese.beijing.gov.cn/quickguideservices/purchaseparktickets/index.html	约6:00-20:00（南园、北园开放时间不同）	国家植物园不在“畅游公园”9家市属公园范围内，须通过其官方公众号或专属平台购票；需实名预约	南园约10元、北园约5元；温室、卧佛寺、樱桃沟等另收费	容易	北京市官方指南明确国家植物园走其单独购票渠道，不在畅游公园平台内	已确认	中	https://japanese.beijing.gov.cn/quickguideservices/purchaseparktickets/index.html
奥林匹克森林公园	朝阳区	4-公园与自然景观	免费,免预约,亲子,拍照,夜游,容易	无需预约	免费开放，无需预约	无需预约，免费入园；园区面积大，可自由进出	https://www.beijing.gov.cn/fuwu/bmfw/sy/jrts/202512/t20251202_4315958.html	约6:00-21:00	“京通”景区购票服务平台明确：奥林匹克公园等无需预约的免费入园景区，进入后可查看景区简介、开放时间、电话、地址与游览须知	免费	容易	免预约免费开放；与鸟巢、水立方相邻，可同日程安排	已确认	高	https://www.beijing.gov.cn/fuwu/bmfw/sy/jrts/202512/t20251202_4315958.html
北京（通州）大运河文化旅游景区	通州区	4-公园与自然景观	免费,免预约,亲子,文化,小众,容易	无需预约	免费开放，无需预约	无需预约，免费入园	https://www.beijing.gov.cn/fuwu/bmfw/sy/jrts/202512/t20251202_4315958.html	约6:00-22:00	“京通”平台明确列为无需预约的免费入园景区	免费	容易	免预约免费开放；含燃灯塔、大运河森林公园等区域	已确认	高	https://www.beijing.gov.cn/fuwu/bmfw/sy/jrts/202512/t20251202_4315958.html
雍和宫	东城区	5-宗教寺庙与文化场所	收费,需预约,热门,文化,一般	公众号	“雍和宫”微信公众号	微信搜索“雍和宫”公众号→门票预约→选择日期与时段	https://www.beijing.gov.cn/	约9:00-16:30（随季节调整），重大宗教活动期间可能调整	需实名预约；线上每日售票有上限，初一、十五及春节等节点为全年高峰，现场通常不售当日票	门票25元	一般	藏传佛教寺院；线上每日售票限额以官方公众号公示为准，节假日需提前抢票	已确认	中	https://www.beijing.gov.cn/
白云观	西城区	5-宗教寺庙与文化场所	收费,需预约,文化,小众,容易	公众号	北京市白云观官方微信公众号	微信搜索白云观官方公众号→预约参观	https://www.beijing.gov.cn/	约8:30-16:30	平时可现场购票；春节庙会期间为全年最高峰，需格外提前预约	门票10元	容易	全真派第一丛林；春节期间庙会人流极大，预约方式以道观官方公众号为准	已确认	中	https://www.beijing.gov.cn/
法源寺	西城区	5-宗教寺庙与文化场所	免费,免预约,文化,小众,容易	无需预约	免费开放，现场入寺	免费开放，无需线上预约；以寺院现场管理为准	https://www.beijing.gov.cn/	约8:30-16:00	免费开放，不设线上预约；遇佛事活动可能临时调整开放区域	免费	容易	中国佛学院所在地，丁香花期著名；入寺规则以寺院现场公示为准	需核实	低	https://www.beijing.gov.cn/
潭柘寺	门头沟区	5-宗教寺庙与文化场所	收费,需预约,文化,小众,一般	公众号	潭柘寺景区官方微信公众号	微信搜索官方公众号→在线购票/预约	https://www.beijing.gov.cn/	约8:00-17:00	需购票入园，建议线上预约；秋季银杏与春季玉兰为高峰	门票约55元	一般	“先有潭柘寺，后有北京城”；票价与预约入口以景区官方公示为准	需核实	中	https://www.beijing.gov.cn/
戒台寺	门头沟区	5-宗教寺庙与文化场所	收费,需预约,文化,小众,容易	公众号	戒台寺景区官方微信公众号	微信搜索官方公众号→在线购票/预约	https://www.beijing.gov.cn/	约8:30-16:30	需购票入园，建议线上预约	门票约45元	容易	与潭柘寺同属门头沟区，可一日联游；票价以景区官方公示为准	需核实	中	https://www.beijing.gov.cn/
红螺寺	怀柔区	5-宗教寺庙与文化场所	收费,需预约,文化,亲子,小众,容易	公众号	红螺寺景区官方微信公众号	微信搜索官方公众号→预约购票	https://www.beijing.gov.cn/	约8:00-17:00	需购票入园，旺季建议提前预约	门票约54元	容易	位于怀柔区，银杏季与春季登山为高峰；票价以景区官方公示为准	需核实	中	https://www.beijing.gov.cn/
孔庙和国子监博物馆	东城区	5-宗教寺庙与文化场所	收费,需预约,文化,小众,一般	公众号+电话	“孔庙和国子监博物馆”微信公众号 / 电话预约	微信公众号“票务服务”购票，可购当日起3日内门票（19:00更新）；当日也可现场扫码或人工窗口购票；另有电话预约010-84027224	https://www.kmgzj.com/cgzn/index.aspx?nodeid=96	9:00-17:00（16:30停止入馆），全年每周一闭馆（节日期间除外）	门票30元；全日制本科、专科学生半价15元；60岁以上老人、18岁以下未成年人、现役军人、残疾人等免票；每周三设200名散客免费参观名额，须提前通过公众号“票务服务”线上申请，满额为止；当日线上线下购票截止16:30；馆方声明未授权任何第三方机构或个人代理门票	成人30元；学生半价15元；未成年人及老人等免费	一般	每周三200个免费名额需线上抢；禁止商业拍摄（反光板、补光灯、跟拍、多套服装道具等）	已确认	高	https://www.kmgzj.com/cgzn/index.aspx?nodeid=96
智化寺（北京文博交流馆）	东城区	5-宗教寺庙与文化场所	收费,需预约,文化,小众,容易	公众号	北京文博交流馆（智化寺）官方预约渠道	微信搜索官方渠道→预约参观；京音乐演出需另行预约	https://wwj.beijing.gov.cn/	约9:00-16:30，周一闭馆	需预约购票；智化寺京音乐演出场次需单独预约	门票约20元	容易	以明代木结构建筑与京音乐著称；预约路径以官方公示为准	需核实	低	https://wwj.beijing.gov.cn/
大钟寺古钟博物馆	海淀区	5-宗教寺庙与文化场所	收费,需预约,文化,小众,容易	公众号	大钟寺古钟博物馆官方预约渠道	微信搜索官方渠道→预约参观	https://wwj.beijing.gov.cn/	约9:00-16:30，周一闭馆	需预约购票；以永乐大钟与古钟陈列为主	门票约20元	容易	预约路径以官方公示为准	需核实	低	https://wwj.beijing.gov.cn/
国家大剧院	西城区	7-演出与夜游项目	收费,需购票,热门,文化,夜游,一般	官网+公众号	国家大剧院官网 / 官方微信公众号	官网→参观游览→参观购票；或官方微信公众号购票。参观票40元、半价参观票20元	https://www.chncpa.org/cgyl_278/cggp/?kfType=1	参观开放时间：周二至周日及国家法定节假日9:00-17:00，周一闭馆	实行实名制购票，注册国家大剧院用户后每个证件每个入院日限购一张门票，每订单最多可预订10人；18:00后空间演出需持当日晚间演出票入场	参观票40元/人，半价参观票20元/人；演出票按场次定价	一般	建筑与艺术展览本身即景点；免费中文定时讲解10点、14点各一场（北水下廊道）；60岁以上老人等可购半价参观票	已确认	高	https://www.chncpa.org/cgyl_278/cggp/?kfType=1
中山公园音乐堂	东城区	7-演出与夜游项目	收费,需购票,文化,小众,容易	官网+公众号	中山公园音乐堂官方微信公众号 / 官网	微信搜索官方公众号→演出购票	https://www.beijing.gov.cn/	按演出场次，通常19:30开演	实名购票，演出票按场次定价；进入中山公园需另购公园门票（3元）	演出票约80-580元区间	容易	位于中山公园内，需先购买公园门票再入场；票价以官方票务页面为准	已确认	中	https://www.beijing.gov.cn/
北京音乐厅	西城区	7-演出与夜游项目	收费,需购票,文化,小众,容易	公众号	北京音乐厅官方微信公众号	微信搜索官方公众号→在线购票	https://www.beijing.gov.cn/	按演出场次，通常19:30开演	实名购票，按场次定价；古典音乐演出为主	演出票约80-680元区间	容易	位于西城区北新华街；票价以官方票务页面为准	已确认	中	https://www.beijing.gov.cn/
天桥艺术中心	西城区	7-演出与夜游项目	收费,需购票,文化,小众,容易	公众号	天桥艺术中心官方微信公众号	微信搜索官方公众号→演出购票	https://www.beijing.gov.cn/	按演出场次	实名购票，按场次定价；话剧、音乐剧、舞剧为主	演出票约100-880元区间	容易	票价以官方票务页面为准	已确认	中	https://www.beijing.gov.cn/
首都剧场（北京人民艺术剧院）	东城区	7-演出与夜游项目	收费,需购票,热门,文化,困难	公众号	北京人民艺术剧院官方微信公众号	微信搜索官方公众号→演出购票；人艺之友会员另有优先购票安排	https://www.bjrht.cn/	按演出场次，通常19:15开演	实名购票；人艺经典话剧票极为抢手，开票后迅速售罄	演出票约80-680元区间	困难	经典剧目（如《茶馆》《雷雨》）一票难求；票价以官方票务页面为准	已确认	中	https://www.bjrht.cn/
梅兰芳大剧院	西城区	7-演出与夜游项目	收费,需购票,文化,小众,容易	公众号	梅兰芳大剧院官方微信公众号	微信搜索官方公众号→在线购票	https://www.beijing.gov.cn/	按演出场次	实名购票，按场次定价；国家京剧院演出主场地	演出票约80-580元区间	容易	票价以官方票务页面为准	已确认	中	https://www.beijing.gov.cn/
老舍茶馆	西城区	7-演出与夜游项目	收费,需购票,文化,夜游,亲子,容易	公众号	老舍茶馆官方微信公众号	微信搜索官方公众号→预订演出或京味茶座	https://www.laoshechaguan.com/	约10:00-21:00，演出多集中在晚间	需提前预订，含茶座消费；演出票含茶水点心；京味文化体验（京剧、相声、变脸等）	约180-380元区间	容易	票价以官方预订页为准	已确认	中	https://www.laoshechaguan.com/
德云社（北京各剧场）	西城区	7-演出与夜游项目	收费,需购票,热门,文化,夜游,困难	官网+公众号	德云社官方票务平台 / 官方微信公众号	微信搜索官方公众号→演出票务→选择剧场与场次	https://www.guodeyun.com/	按场次，多为晚场19:30	实名购票；热门场次开票即售罄；多个剧场（三庆园、湖广会馆等）分别售票	票价约80-580元区间	困难	票价以官方票务页面为准；请勿通过非官方渠道购票	已确认	中	https://www.guodeyun.com/
北京环球度假区	通州区	7-演出与夜游项目	收费,需购票,热门,亲子,夜游,拍照,困难	官网+APP	北京环球度假区官网 / 官方App / 官方授权合作伙伴	通过官网或官方App购票并预约入园日期；官方销售渠道及授权合作伙伴名单见官网专页	https://www.universalbeijingresort.com/zh_CN/trade_partners	约9:00-20:00（随季节与活动调整）	实行实名制购票，需提前在官网或官方App预约入园日期；旺季与节假日票价浮动且可能约满；请仅通过官方销售渠道及授权合作伙伴购票	淡季约418元起，旺季与节假日约528-748元区间（以官方实时票价为准）	困难	官网设有“官方销售渠道及授权合作伙伴”专页，请据此辨别渠道真伪	已确认	高	https://www.universalbeijingresort.com/zh_CN/trade_partners
北京欢乐谷	朝阳区	7-演出与夜游项目	收费,需购票,热门,亲子,夜游,容易	官网+小程序	北京欢乐谷官网 / 官方微信小程序 / 花橙旅游	官网“网上购票”页扫码立即预订；或使用官方小程序与花橙旅游平台	https://bj.happyvalley.cn/buy/huan.shtml	约9:30-22:00（季节与活动期间调整）	实名购票；实行全天一票制，不单独设置夜场票务；身高1.2米及以下或5周岁以下儿童免票，持二代、三代残疾证免票	全价票299元起，青少年票260元起，儿童票与长者票195元起	容易	官网公示票价年度为2025年，出行前请核对当季票价；官网提醒严禁从票贩处购票，门票出园即作废	已确认	高	https://bj.happyvalley.cn/buy/huan.shtml
古北水镇	密云区	7-演出与夜游项目	收费,需预约,热门,亲子,夜游,拍照,一般	官网+公众号	古北水镇官网 / 官方微信公众号	官网门票页直接选购大门票；或微信搜索官方公众号→预订	https://m.wtown.com/phone/ticket/details_459.html	约9:00-22:00；司马台长城夜游时段另行安排	需实名预约购票，可选大门票或含司马台长城联票；住宿客人另循客栈与酒店渠道预订	大门票约140元（成人票与优待票分设）	一般	长城夜游与温泉为特色，节假日房源与票量紧张；价格与场次以官网实时公布为准	已确认	中	https://m.wtown.com/phone/ticket/details_459.html
北京海洋馆	海淀区	7-演出与夜游项目	收费,需预约,热门,亲子,一般	公众号	北京海洋馆官方微信公众号 / 官网	微信搜索官方公众号→购票预约；或访问官网购票	https://www.bj-sea.com/	约9:00-17:30（随季节调整）	需实名预约购票；北京海洋馆门票与北京动物园门票分设，须分别购买	约175元区间（以官方公示为准）	一般	位于北京动物园内，注意动物园与海洋馆门票分别购买；官网在部分网络环境访问受限，请以官方公众号实时票价为准	需核实	中	https://www.bj-sea.com/
南锣鼓巷	东城区	6-胡同街区与文创园区	免费,免预约,热门,拍照,夜游,亲子,容易	无需预约	开放式街区，无需预约	开放式胡同街区，自由进出，无需预约	https://www.beijing.gov.cn/	全天开放；商铺多约10:00-22:00	开放式街区，无需预约；节假日人流大时会采取限流与单向通行措施	免费	容易	已取消预约：作为开放式街区不设预约，节假日实行人流管控	已确认	中	https://www.beijing.gov.cn/
什刹海	西城区	6-胡同街区与文创园区	免费,免预约,热门,拍照,夜游,容易	无需预约	开放式街区，无需预约	开放式水域与街区，自由进出；荷花市场、烟袋斜街等均为开放区域	https://www.beijing.gov.cn/	全天开放	开放式街区，无需预约；冰场、游船等体验项目单独收费	免费	容易	免预约；冬季冰场与游船等项目需现场或线上购票	已确认	中	https://www.beijing.gov.cn/
前门大街·大栅栏	东城区	6-胡同街区与文创园区	免费,免预约,热门,文化,拍照,夜游,容易	无需预约	开放式街区，无需预约	开放式商业街区，自由进出；沿街部分老字号与展馆需单独预约	https://www.beijing.gov.cn/	全天开放；商铺多约10:00-22:00	开放式街区，无需预约；个别场馆（如中国铁道博物馆正阳门馆）需另行预约	免费	容易	免预约；前门地区部分场馆需单独预约	已确认	中	https://www.beijing.gov.cn/
798艺术区	朝阳区	6-胡同街区与文创园区	免费,免预约,热门,文化,拍照,容易	无需预约	园区免费开放，无需预约	园区整体免费开放、自由进出；园区内各美术馆（如UCCA尤伦斯当代艺术中心）需单独购票	https://www.beijing.gov.cn/	园区全天开放；画廊多约10:00-18:00，周一闭馆	园区免费免预约；园内美术馆与画廊各自售票，营业时间与闭馆日各不相同	免费	容易	免预约；UCCA尤伦斯当代艺术中心等机构需单独购票	已确认	中	https://www.beijing.gov.cn/
首钢园	石景山区	6-胡同街区与文创园区	免费,免预约,热门,拍照,亲子,夜游,容易	无需预约	园区免费开放，无需预约	园区免费开放、自由进出；部分场馆（如首钢滑雪大跳台）需预约或购票	https://www.beijing.gov.cn/	园区全天开放；场馆多约10:00-18:00	园区免费免预约；重要场馆与大型活动期间另行管控	免费	容易	免预约；大型活动期间可能临时管控	已确认	中	https://www.beijing.gov.cn/
